Sg,Sw,krg,krog,krow,krw,pcog,pcow,satnum,tag,type
NaN,0.3000000,NaN,NaN,1.0,0.0,NaN,3.9484487999999995,1,eclipse/include/props/swof.inc,SWOF
NaN,0.3100000,NaN,NaN,0.9611281999999999,0.00020540000000000003,NaN,3.0036867999999997,1,eclipse/include/props/swof.inc,SWOF
NaN,0.3200000,NaN,NaN,0.8998976000000001,0.0008757,NaN,2.3836060000000003,1,eclipse/include/props/swof.inc,SWOF
NaN,0.3300000,NaN,NaN,0.8295308000000001,0.002064,NaN,1.9509518,1,eclipse/include/props/swof.inc,SWOF
NaN,0.3400000,NaN,NaN,0.7560588,0.0038158000000000003,NaN,1.635,1,eclipse/include/props/swof.inc,SWOF
NaN,0.3500000,NaN,NaN,0.683275,0.0061747,NaN,1.3959875,1,eclipse/include/props/swof.inc,SWOF
NaN,0.3600000,NaN,NaN,0.6135619000000001,0.0091833,NaN,1.2100198,1,eclipse/include/props/swof.inc,SWOF
NaN,0.3700000,NaN,NaN,0.5483085,0.0128835,NaN,1.0619637,1,eclipse/include/props/swof.inc,SWOF
NaN,0.3800000,NaN,NaN,0.48820810000000003,0.0173167,NaN,0.9418169,1,eclipse/include/props/swof.inc,SWOF
NaN,0.3900000,NaN,NaN,0.433486,0.022523599999999998,NaN,0.8427319999999999,1,eclipse/include/props/swof.inc,SWOF
NaN,0.4000000,NaN,NaN,0.38406809999999997,0.0285435,NaN,0.7598793,1,eclipse/include/props/swof.inc,SWOF
NaN,0.4100000,NaN,NaN,0.33970170000000005,0.0354149,NaN,0.6897656,1,eclipse/include/props/swof.inc,SWOF
NaN,0.4200000,NaN,NaN,0.3000384,0.0431741,NaN,0.629808,1,eclipse/include/props/swof.inc,SWOF
NaN,0.4300000,NaN,NaN,0.26468759999999997,0.05185549999999999,NaN,0.5780598000000001,1,eclipse/include/props/swof.inc,SWOF
NaN,0.4400000,NaN,NaN,0.23325079999999998,0.0614908,NaN,0.5330293,1,eclipse/include/props/swof.inc,SWOF
NaN,0.4500000,NaN,NaN,0.205341,0.07210839999999999,NaN,0.49355609999999994,1,eclipse/include/props/swof.inc,SWOF
NaN,0.4600000,NaN,NaN,0.18059360000000002,0.08373330000000001,NaN,0.45872520000000006,1,eclipse/include/props/swof.inc,SWOF
NaN,0.4700000,NaN,NaN,0.1586723,0.096386,NaN,0.4278066,1,eclipse/include/props/swof.inc,SWOF
NaN,0.4800000,NaN,NaN,0.1392702,0.1100825,NaN,0.4002117,1,eclipse/include/props/swof.inc,SWOF
NaN,0.4900000,NaN,NaN,0.1221099,0.12483339999999998,NaN,0.3754608,1,eclipse/include/props/swof.inc,SWOF
NaN,0.5000000,NaN,NaN,0.1069421,0.1406436,NaN,0.35316,1,eclipse/include/props/swof.inc,SWOF
NaN,0.5100000,NaN,NaN,0.09354349999999999,0.1575116,NaN,0.33298259999999996,1,eclipse/include/props/swof.inc,SWOF
NaN,0.5200000,NaN,NaN,0.0817149,0.1754296,NaN,0.31465590000000004,1,eclipse/include/props/swof.inc,SWOF
NaN,0.5300000,NaN,NaN,0.0712788,0.19438239999999998,NaN,0.2979507,1,eclipse/include/props/swof.inc,SWOF
NaN,0.5400000,NaN,NaN,0.06207719999999999,0.21434770000000003,NaN,0.28267309999999995,1,eclipse/include/props/swof.inc,SWOF
NaN,0.5500000,NaN,NaN,0.053970000000000004,0.23529589999999997,NaN,0.2686579,1,eclipse/include/props/swof.inc,SWOF
NaN,0.5600000,NaN,NaN,0.0468325,0.2571896,NaN,0.25576370000000004,1,eclipse/include/props/swof.inc,SWOF
NaN,0.5700000,NaN,NaN,0.040554400000000004,0.279984,NaN,0.243869,1,eclipse/include/props/swof.inc,SWOF
NaN,0.5800000,NaN,NaN,0.0350375,0.3036271,NaN,0.23286839999999998,1,eclipse/include/props/swof.inc,SWOF
NaN,0.5900000,NaN,NaN,0.030195,0.3280595,NaN,0.22267070000000003,1,eclipse/include/props/swof.inc,SWOF
NaN,0.6000000,NaN,NaN,0.0259498,0.3532151,NaN,0.2131962,1,eclipse/include/props/swof.inc,SWOF
NaN,0.6100000,NaN,NaN,0.0222335,0.3790217,NaN,0.204375,1,eclipse/include/props/swof.inc,SWOF
NaN,0.6200000,NaN,NaN,0.0189856,0.4054012,NaN,0.19614579999999998,1,eclipse/include/props/swof.inc,SWOF
NaN,0.6300000,NaN,NaN,0.016152200000000002,0.4322706,NaN,0.1884543,1,eclipse/include/props/swof.inc,SWOF
NaN,0.6400000,NaN,NaN,0.0136856,0.4595424,NaN,0.1812528,1,eclipse/include/props/swof.inc,SWOF
NaN,0.6500000,NaN,NaN,0.0115433,0.48712559999999994,NaN,0.1744984,1,eclipse/include/props/swof.inc,SWOF
NaN,0.6600000,NaN,NaN,0.009687600000000001,0.5149267,NaN,0.16815339999999998,1,eclipse/include/props/swof.inc,SWOF
NaN,0.6700000,NaN,NaN,0.0080852,0.5428501,NaN,0.1621838,1,eclipse/include/props/swof.inc,SWOF
NaN,0.6800000,NaN,NaN,0.0067061,0.5707993,NaN,0.15655929999999998,1,eclipse/include/props/swof.inc,SWOF
NaN,0.6900000,NaN,NaN,0.0055238,0.5986778,NaN,0.1512525,1,eclipse/include/props/swof.inc,SWOF
NaN,0.7000000,NaN,NaN,0.0045148,0.6263895,NaN,0.1462388,1,eclipse/include/props/swof.inc,SWOF
NaN,0.7100000,NaN,NaN,0.003658,0.6538398,NaN,0.14149620000000002,1,eclipse/include/props/swof.inc,SWOF
NaN,0.7200000,NaN,NaN,0.0029346,0.6809361999999999,NaN,0.1370045,1,eclipse/include/props/swof.inc,SWOF
NaN,0.7300000,NaN,NaN,0.0023279,0.707589,NaN,0.1327455,1,eclipse/include/props/swof.inc,SWOF
NaN,0.7400000,NaN,NaN,0.0018229,0.7337116,NaN,0.1287026,1,eclipse/include/props/swof.inc,SWOF
NaN,0.7500000,NaN,NaN,0.0014062999999999999,0.759221,NaN,0.1248609,1,eclipse/include/props/swof.inc,SWOF
NaN,0.7600000,NaN,NaN,0.0010662,0.7840381999999999,NaN,0.1212066,1,eclipse/include/props/swof.inc,SWOF
NaN,0.7700000,NaN,NaN,0.0007919,0.8080879,NaN,0.1177271,1,eclipse/include/props/swof.inc,SWOF
NaN,0.7800000,NaN,NaN,0.0005739,0.831299,NaN,0.11441099999999998,1,eclipse/include/props/swof.inc,SWOF
NaN,0.7900000,NaN,NaN,0.0004037,0.8536037000000001,NaN,0.11124769999999999,1,eclipse/include/props/swof.inc,SWOF
NaN,0.8000000,NaN,NaN,0.0002737,0.8749372,NaN,0.1082275,1,eclipse/include/props/swof.inc,SWOF
NaN,0.8100000,NaN,NaN,0.000177,0.8952358,NaN,0.10534149999999999,1,eclipse/include/props/swof.inc,SWOF
NaN,0.8200000,NaN,NaN,0.0001077,0.9144357,NaN,0.1025815,1,eclipse/include/props/swof.inc,SWOF
NaN,0.8300000,NaN,NaN,6.02e-05,0.9324688,NaN,0.09994,1,eclipse/include/props/swof.inc,SWOF
NaN,0.8400000,NaN,NaN,2.98e-05,0.9492565999999999,NaN,0.09741,1,eclipse/include/props/swof.inc,SWOF
NaN,0.8500000,NaN,NaN,1.22e-05,0.9646976999999999,NaN,0.0949849,1,eclipse/include/props/swof.inc,SWOF
NaN,0.8600000,NaN,NaN,3.5000000000000004e-06,0.9786386,NaN,0.09265880000000001,1,eclipse/include/props/swof.inc,SWOF
NaN,0.8700000,NaN,NaN,4e-07,0.9907845999999999,NaN,0.09042610000000001,1,eclipse/include/props/swof.inc,SWOF
NaN,0.8800000,NaN,NaN,0.0,1.0,NaN,0.0882817,1,eclipse/include/props/swof.inc,SWOF
NaN,0.8900000,NaN,NaN,0.0,1.0,NaN,0.08658869999999999,1,eclipse/include/props/swof.inc,SWOF
NaN,0.9000000,NaN,NaN,0.0,1.0,NaN,0.0848957,1,eclipse/include/props/swof.inc,SWOF
NaN,0.9100000,NaN,NaN,0.0,1.0,NaN,0.08320269999999999,1,eclipse/include/props/swof.inc,SWOF
NaN,0.9200000,NaN,NaN,0.0,1.0,NaN,0.0815097,1,eclipse/include/props/swof.inc,SWOF
NaN,0.9300000,NaN,NaN,0.0,1.0,NaN,0.07981669999999999,1,eclipse/include/props/swof.inc,SWOF
NaN,0.9400000,NaN,NaN,0.0,1.0,NaN,0.07812369999999999,1,eclipse/include/props/swof.inc,SWOF
NaN,0.9500000,NaN,NaN,0.0,1.0,NaN,0.0764307,1,eclipse/include/props/swof.inc,SWOF
NaN,0.9600000,NaN,NaN,0.0,1.0,NaN,0.07473769999999999,1,eclipse/include/props/swof.inc,SWOF
NaN,0.9700000,NaN,NaN,0.0,1.0,NaN,0.0730447,1,eclipse/include/props/swof.inc,SWOF
NaN,0.9800000,NaN,NaN,0.0,1.0,NaN,0.07135169999999999,1,eclipse/include/props/swof.inc,SWOF
NaN,0.9900000,NaN,NaN,0.0,1.0,NaN,0.0696587,1,eclipse/include/props/swof.inc,SWOF
NaN,1.0000000,NaN,NaN,0.0,1.0,NaN,0.06796569999999999,1,eclipse/include/props/swof.inc,SWOF
NaN,0.1200000,NaN,NaN,1.0,0.0,NaN,3.419457,2,eclipse/include/props/swof.inc,SWOF
NaN,0.1300000,NaN,NaN,0.9281825,0.00023879999999999998,NaN,1.8613166,2,eclipse/include/props/swof.inc,SWOF
NaN,0.1400000,NaN,NaN,0.8615673,0.0008227999999999999,NaN,1.2089606000000002,2,eclipse/include/props/swof.inc,SWOF
NaN,0.1500000,NaN,NaN,0.7987337,0.0017099,NaN,0.8650618,2,eclipse/include/props/swof.inc,SWOF
NaN,0.1600000,NaN,NaN,0.7394244000000001,0.0028885,NaN,0.6580748000000001,2,eclipse/include/props/swof.inc,SWOF
NaN,0.1700000,NaN,NaN,0.6835190999999999,0.0043558,NaN,0.5222219,2,eclipse/include/props/swof.inc,SWOF
NaN,0.1800000,NaN,NaN,0.6309278,0.0061132,NaN,0.4274321,2,eclipse/include/props/swof.inc,SWOF
NaN,0.1900000,NaN,NaN,0.5815608,0.0081646,NaN,0.3582106,2,eclipse/include/props/swof.inc,SWOF
NaN,0.2000000,NaN,NaN,0.5353201,0.0105153,NaN,0.3058455,2,eclipse/include/props/swof.inc,SWOF
NaN,0.2100000,NaN,NaN,0.4920968,0.0131721,NaN,0.26510209999999995,2,eclipse/include/props/swof.inc,SWOF
NaN,0.2200000,NaN,NaN,0.45177290000000003,0.0161426,NaN,0.23266460000000003,2,eclipse/include/props/swof.inc,SWOF
NaN,0.2300000,NaN,NaN,0.41422259999999994,0.0194353,NaN,0.20634179999999996,2,eclipse/include/props/swof.inc,SWOF
NaN,0.2400000,NaN,NaN,0.37931509999999996,0.023059,NaN,0.18463329999999997,2,eclipse/include/props/swof.inc,SWOF
NaN,0.2500000,NaN,NaN,0.34691700000000003,0.027023200000000004,NaN,0.16648120000000002,2,eclipse/include/props/swof.inc,SWOF
NaN,0.2600000,NaN,NaN,0.31689359999999994,0.0313379,NaN,0.1511201,2,eclipse/include/props/swof.inc,SWOF
NaN,0.2700000,NaN,NaN,0.2891114,0.036013300000000005,NaN,0.137984,2,eclipse/include/props/swof.inc,SWOF
NaN,0.2800000,NaN,NaN,0.26343890000000003,0.04106,NaN,0.12664660000000003,2,eclipse/include/props/swof.inc,SWOF
NaN,0.2900000,NaN,NaN,0.2397478,0.0464889,NaN,0.11678089999999999,2,eclipse/include/props/swof.inc,SWOF
NaN,0.3000000,NaN,NaN,0.21791390000000002,0.052310800000000005,NaN,0.1081327,2,eclipse/include/props/swof.inc,SWOF
NaN,0.3100000,NaN,NaN,0.1978174,0.058537,NaN,0.1005017,2,eclipse/include/props/swof.inc,SWOF
NaN,0.3200000,NaN,NaN,0.1793435,0.06517859999999999,NaN,0.0937277,2,eclipse/include/props/swof.inc,SWOF
NaN,0.3300000,NaN,NaN,0.16238229999999998,0.07224689999999999,NaN,0.08768200000000001,2,eclipse/include/props/swof.inc,SWOF
NaN,0.3400000,NaN,NaN,0.1468294,0.0797532,NaN,0.0822594,2,eclipse/include/props/swof.inc,SWOF
NaN,0.3500000,NaN,NaN,0.1325856,0.08770839999999999,NaN,0.0773735,2,eclipse/include/props/swof.inc,SWOF
NaN,0.3600000,NaN,NaN,0.1195568,0.0961235,NaN,0.0729528,2,eclipse/include/props/swof.inc,SWOF
NaN,0.3700000,NaN,NaN,0.10765439999999998,0.10500919999999998,NaN,0.06893769999999999,2,eclipse/include/props/swof.inc,SWOF
NaN,0.3800000,NaN,NaN,0.0967947,0.1143758,NaN,0.0652777,2,eclipse/include/props/swof.inc,SWOF
NaN,0.3900000,NaN,NaN,0.08689880000000001,0.1242333,NaN,0.0619306,2,eclipse/include/props/swof.inc,SWOF
NaN,0.4000000,NaN,NaN,0.0778927,0.13459110000000002,NaN,0.05886,2,eclipse/include/props/swof.inc,SWOF
NaN,0.4100000,NaN,NaN,0.0697073,0.1454581,NaN,0.056035,2,eclipse/include/props/swof.inc,SWOF
NaN,0.4200000,NaN,NaN,0.0622775,0.1568425,NaN,0.053429,2,eclipse/include/props/swof.inc,SWOF
NaN,0.4300000,NaN,NaN,0.0555427,0.1687517,NaN,0.0510189,2,eclipse/include/props/swof.inc,SWOF
NaN,0.4400000,NaN,NaN,0.0494465,0.18119200000000002,NaN,0.0487847,2,eclipse/include/props/swof.inc,SWOF
NaN,0.4500000,NaN,NaN,0.0439361,0.1941691,NaN,0.0467089,2,eclipse/include/props/swof.inc,SWOF
NaN,0.4600000,NaN,NaN,0.0389625,0.2076871,NaN,0.044776300000000005,2,eclipse/include/props/swof.inc,SWOF
NaN,0.4700000,NaN,NaN,0.0344804,0.22174929999999998,NaN,0.0429734,2,eclipse/include/props/swof.inc,SWOF
NaN,0.4800000,NaN,NaN,0.030447500000000002,0.23635720000000002,NaN,0.04128830000000001,2,eclipse/include/props/swof.inc,SWOF
NaN,0.4900000,NaN,NaN,0.0268247,0.25151100000000004,NaN,0.0397105,2,eclipse/include/props/swof.inc,SWOF
NaN,0.5000000,NaN,NaN,0.0235761,0.2672094,NaN,0.0382307,2,eclipse/include/props/swof.inc,SWOF
NaN,0.5100000,NaN,NaN,0.0206681,0.2834489,NaN,0.0368406,2,eclipse/include/props/swof.inc,SWOF
NaN,0.5200000,NaN,NaN,0.0180701,0.3002245,NaN,0.0355327,2,eclipse/include/props/swof.inc,SWOF
NaN,0.5300000,NaN,NaN,0.0157535,0.3175289,NaN,0.0343004,2,eclipse/include/props/swof.inc,SWOF
NaN,0.5400000,NaN,NaN,0.0136924,0.33535290000000006,NaN,0.0331378,2,eclipse/include/props/swof.inc,SWOF
NaN,0.5500000,NaN,NaN,0.011862600000000001,0.3536848,NaN,0.0320393,2,eclipse/include/props/swof.inc,SWOF
NaN,0.5600000,NaN,NaN,0.010242200000000002,0.3725105,NaN,0.031000299999999998,2,eclipse/include/props/swof.inc,SWOF
NaN,0.5700000,NaN,NaN,0.008810700000000001,0.39181350000000004,NaN,0.030016200000000003,2,eclipse/include/props/swof.inc,SWOF
NaN,0.5800000,NaN,NaN,0.007549600000000001,0.4115747,NaN,0.029083099999999997,2,eclipse/include/props/swof.inc,SWOF
NaN,0.5900000,NaN,NaN,0.006441800000000001,0.4317723,NaN,0.0281973,2,eclipse/include/props/swof.inc,SWOF
NaN,0.6000000,NaN,NaN,0.005471899999999999,0.4523816,NaN,0.0273557,2,eclipse/include/props/swof.inc,SWOF
NaN,0.6100000,NaN,NaN,0.0046254,0.47337520000000005,NaN,0.026555000000000002,2,eclipse/include/props/swof.inc,SWOF
NaN,0.6200000,NaN,NaN,0.0038894,0.4947228,NaN,0.025792700000000002,2,eclipse/include/props/swof.inc,SWOF
NaN,0.6300000,NaN,NaN,0.003252,0.5163912,NaN,0.0250662,2,eclipse/include/props/swof.inc,SWOF
NaN,0.6400000,NaN,NaN,0.0027024,0.5383441,NaN,0.024373099999999998,2,eclipse/include/props/swof.inc,SWOF
NaN,0.6500000,NaN,NaN,0.0022305999999999997,0.5605426,NaN,0.0237114,2,eclipse/include/props/swof.inc,SWOF
NaN,0.6600000,NaN,NaN,0.0018277999999999999,0.5829445,NaN,0.0230792,2,eclipse/include/props/swof.inc,SWOF
NaN,0.6700000,NaN,NaN,0.0014857000000000002,0.6055050000000001,NaN,0.0224745,2,eclipse/include/props/swof.inc,SWOF
NaN,0.6800000,NaN,NaN,0.0011970999999999998,0.6281760999999999,NaN,0.0218958,2,eclipse/include/props/swof.inc,SWOF
NaN,0.6900000,NaN,NaN,0.0009551000000000001,0.6509073000000001,NaN,0.0213415,2,eclipse/include/props/swof.inc,SWOF
NaN,0.7000000,NaN,NaN,0.0007537999999999999,0.6736451999999999,NaN,0.0208102,2,eclipse/include/props/swof.inc,SWOF
NaN,0.7100000,NaN,NaN,0.0005878,0.6963335,NaN,0.0203005,2,eclipse/include/props/swof.inc,SWOF
NaN,0.7200000,NaN,NaN,0.00045220000000000004,0.7189135,NaN,0.0198114,2,eclipse/include/props/swof.inc,SWOF
NaN,0.7300000,NaN,NaN,0.00034260000000000003,0.7413236,NaN,0.0193416,2,eclipse/include/props/swof.inc,SWOF
NaN,0.7400000,NaN,NaN,0.00025499999999999996,0.7634996000000001,NaN,0.01889,2,eclipse/include/props/swof.inc,SWOF
NaN,0.7500000,NaN,NaN,0.00018600000000000002,0.7853744,NaN,0.018455799999999998,2,eclipse/include/props/swof.inc,SWOF
NaN,0.7600000,NaN,NaN,0.0001326,0.8068783,NaN,0.018037900000000003,2,eclipse/include/props/swof.inc,SWOF
NaN,0.7700000,NaN,NaN,9.2e-05,0.8279383,NaN,0.017635599999999998,2,eclipse/include/props/swof.inc,SWOF
NaN,0.7800000,NaN,NaN,6.17e-05,0.8484775999999999,NaN,0.017248,2,eclipse/include/props/swof.inc,SWOF
NaN,0.7900000,NaN,NaN,3.98e-05,0.8684155000000001,NaN,0.0168744,2,eclipse/include/props/swof.inc,SWOF
NaN,0.8000000,NaN,NaN,2.45e-05,0.8876656999999999,NaN,0.0165141,2,eclipse/include/props/swof.inc,SWOF
NaN,0.8100000,NaN,NaN,1.4099999999999999e-05,0.9061349,NaN,0.016166399999999997,2,eclipse/include/props/swof.inc,SWOF
NaN,0.8200000,NaN,NaN,7.499999999999999e-06,0.9237201999999999,NaN,0.0158308,2,eclipse/include/props/swof.inc,SWOF
NaN,0.8300000,NaN,NaN,3.6000000000000003e-06,0.9403040000000001,NaN,0.0155066,2,eclipse/include/props/swof.inc,SWOF
NaN,0.8400000,NaN,NaN,1.5e-06,0.9557458000000001,NaN,0.0151934,2,eclipse/include/props/swof.inc,SWOF
NaN,0.8500000,NaN,NaN,5e-07,0.9698659,NaN,0.014890500000000001,2,eclipse/include/props/swof.inc,SWOF
NaN,0.8600000,NaN,NaN,1e-07,0.982408,NaN,0.0145976,2,eclipse/include/props/swof.inc,SWOF
NaN,0.8700000,NaN,NaN,0.0,0.9929266,NaN,0.0143142,2,eclipse/include/props/swof.inc,SWOF
NaN,0.8800000,NaN,NaN,0.0,1.0,NaN,0.0140398,2,eclipse/include/props/swof.inc,SWOF
NaN,0.8900000,NaN,NaN,0.0,1.0,NaN,0.013813800000000001,2,eclipse/include/props/swof.inc,SWOF
NaN,0.9000000,NaN,NaN,0.0,1.0,NaN,0.013587799999999999,2,eclipse/include/props/swof.inc,SWOF
NaN,0.9100000,NaN,NaN,0.0,1.0,NaN,0.013361700000000002,2,eclipse/include/props/swof.inc,SWOF
NaN,0.9200000,NaN,NaN,0.0,1.0,NaN,0.0131357,2,eclipse/include/props/swof.inc,SWOF
NaN,0.9300000,NaN,NaN,0.0,1.0,NaN,0.012909700000000001,2,eclipse/include/props/swof.inc,SWOF
NaN,0.9400000,NaN,NaN,0.0,1.0,NaN,0.012683700000000001,2,eclipse/include/props/swof.inc,SWOF
NaN,0.9500000,NaN,NaN,0.0,1.0,NaN,0.012457700000000002,2,eclipse/include/props/swof.inc,SWOF
NaN,0.9600000,NaN,NaN,0.0,1.0,NaN,0.0122317,2,eclipse/include/props/swof.inc,SWOF
NaN,0.9700000,NaN,NaN,0.0,1.0,NaN,0.0120057,2,eclipse/include/props/swof.inc,SWOF
NaN,0.9800000,NaN,NaN,0.0,1.0,NaN,0.011779600000000001,2,eclipse/include/props/swof.inc,SWOF
NaN,0.9900000,NaN,NaN,0.0,1.0,NaN,0.0115536,2,eclipse/include/props/swof.inc,SWOF
NaN,1.0000000,NaN,NaN,0.0,1.0,NaN,0.011327600000000002,2,eclipse/include/props/swof.inc,SWOF
0.0000000,NaN,0.0,1.0,NaN,NaN,0.0,NaN,1,eclipse/include/props/sgof.inc,SGOF
0.0100000,NaN,0.0,1.0,NaN,NaN,0.0,NaN,1,eclipse/include/props/sgof.inc,SGOF
0.0200000,NaN,8.7e-06,0.9881476,NaN,NaN,0.0,NaN,1,eclipse/include/props/sgof.inc,SGOF
0.0300000,NaN,4.8e-05,0.9681685999999999,NaN,NaN,0.0,NaN,1,eclipse/include/props/sgof.inc,SGOF
0.0400000,NaN,0.00013730000000000003,0.9432311,NaN,NaN,0.0,NaN,1,eclipse/include/props/sgof.inc,SGOF
0.0500000,NaN,0.00029610000000000004,0.9145757,NaN,NaN,0.0,NaN,1,eclipse/include/props/sgof.inc,SGOF
0.0600000,NaN,0.0005447999999999999,0.8830438,NaN,NaN,0.0,NaN,1,eclipse/include/props/sgof.inc,SGOF
0.0700000,NaN,0.0009046,0.8493054,NaN,NaN,0.0,NaN,1,eclipse/include/props/sgof.inc,SGOF
0.0800000,NaN,0.0013979,0.8139320999999999,NaN,NaN,0.0,NaN,1,eclipse/include/props/sgof.inc,SGOF
0.0900000,NaN,0.002048,0.7774267,NaN,NaN,0.0,NaN,1,eclipse/include/props/sgof.inc,SGOF
0.1000000,NaN,0.0028796,0.7402353,NaN,NaN,0.0,NaN,1,eclipse/include/props/sgof.inc,SGOF
0.1100000,NaN,0.0039184,0.7027536,NaN,NaN,0.0,NaN,1,eclipse/include/props/sgof.inc,SGOF
0.1200000,NaN,0.0051916,0.6653296999999999,NaN,NaN,0.0,NaN,1,eclipse/include/props/sgof.inc,SGOF
0.1300000,NaN,0.0067274,0.6282656999999999,NaN,NaN,0.0,NaN,1,eclipse/include/props/sgof.inc,SGOF
0.1400000,NaN,0.0085555,0.5918204,NaN,NaN,0.0,NaN,1,eclipse/include/props/sgof.inc,SGOF
0.1500000,NaN,0.0107069,0.5562107,NaN,NaN,0.0,NaN,1,eclipse/include/props/sgof.inc,SGOF
0.1600000,NaN,0.0132139,0.5216145000000001,NaN,NaN,0.0,NaN,1,eclipse/include/props/sgof.inc,SGOF
0.1700000,NaN,0.016109799999999997,0.4881737,NaN,NaN,0.0,NaN,1,eclipse/include/props/sgof.inc,SGOF
0.1800000,NaN,0.0194295,0.45599700000000004,NaN,NaN,0.0,NaN,1,eclipse/include/props/sgof.inc,SGOF
0.1900000,NaN,0.0232086,0.4251641,NaN,NaN,0.0,NaN,1,eclipse/include/props/sgof.inc,SGOF
0.2000000,NaN,0.0274841,0.39572809999999997,NaN,NaN,0.0,NaN,1,eclipse/include/props/sgof.inc,SGOF
0.2100000,NaN,0.0322935,0.36772009999999994,NaN,NaN,0.0,NaN,1,eclipse/include/props/sgof.inc,SGOF
0.2200000,NaN,0.0376753,0.3411513,NaN,NaN,0.0,NaN,1,eclipse/include/props/sgof.inc,SGOF
0.2300000,NaN,0.0436682,0.3160171,NaN,NaN,0.0,NaN,1,eclipse/include/props/sgof.inc,SGOF
0.2400000,NaN,0.05031119999999999,0.29229920000000004,NaN,NaN,0.0,NaN,1,eclipse/include/props/sgof.inc,SGOF
0.2500000,NaN,0.0576434,0.2699687,NaN,NaN,0.0,NaN,1,eclipse/include/props/sgof.inc,SGOF
0.2600000,NaN,0.0657034,0.24898789999999998,NaN,NaN,0.0,NaN,1,eclipse/include/props/sgof.inc,SGOF
0.2700000,NaN,0.0745288,0.2293127,NaN,NaN,0.0,NaN,1,eclipse/include/props/sgof.inc,SGOF
0.2800000,NaN,0.0841563,0.210894,NaN,NaN,0.0,NaN,1,eclipse/include/props/sgof.inc,SGOF
0.2900000,NaN,0.0946209,0.19367939999999997,NaN,NaN,0.0,NaN,1,eclipse/include/props/sgof.inc,SGOF
0.3000000,NaN,0.10595519999999999,0.1776145,NaN,NaN,0.0,NaN,1,eclipse/include/props/sgof.inc,SGOF
0.3100000,NaN,0.1181893,0.16264360000000003,NaN,NaN,0.0,NaN,1,eclipse/include/props/sgof.inc,SGOF
0.3200000,NaN,0.13135,0.14871070000000003,NaN,NaN,0.0,NaN,1,eclipse/include/props/sgof.inc,SGOF
0.3300000,NaN,0.14545999999999998,0.1357604,NaN,NaN,0.0,NaN,1,eclipse/include/props/sgof.inc,SGOF
0.3400000,NaN,0.1605377,0.12373800000000001,NaN,NaN,0.0,NaN,1,eclipse/include/props/sgof.inc,SGOF
0.3500000,NaN,0.1765964,0.1125904,NaN,NaN,0.0,NaN,1,eclipse/include/props/sgof.inc,SGOF
0.3600000,NaN,0.1936437,0.10226610000000001,NaN,NaN,0.0,NaN,1,eclipse/include/props/sgof.inc,SGOF
0.3700000,NaN,0.21168089999999998,0.0927153,NaN,NaN,0.0,NaN,1,eclipse/include/props/sgof.inc,SGOF
0.3800000,NaN,0.23070229999999997,0.08389060000000001,NaN,NaN,0.0,NaN,1,eclipse/include/props/sgof.inc,SGOF
0.3900000,NaN,0.2506955,0.0757463,NaN,NaN,0.0,NaN,1,eclipse/include/props/sgof.inc,SGOF
0.4000000,NaN,0.27163990000000005,0.0682393,NaN,NaN,0.0,NaN,1,eclipse/include/props/sgof.inc,SGOF
0.4100000,NaN,0.29350740000000003,0.0613286,NaN,NaN,0.0,NaN,1,eclipse/include/props/sgof.inc,SGOF
0.4200000,NaN,0.3162618,0.054975300000000005,NaN,NaN,0.0,NaN,1,eclipse/include/props/sgof.inc,SGOF
0.4300000,NaN,0.3398587,0.0491427,NaN,NaN,0.0,NaN,1,eclipse/include/props/sgof.inc,SGOF
0.4400000,NaN,0.3642458,0.0437962,NaN,NaN,0.0,NaN,1,eclipse/include/props/sgof.inc,SGOF
0.4500000,NaN,0.3893632,0.0389034,NaN,NaN,0.0,NaN,1,eclipse/include/props/sgof.inc,SGOF
0.4600000,NaN,0.4151438,0.0344335,NaN,NaN,0.0,NaN,1,eclipse/include/props/sgof.inc,SGOF
0.4700000,NaN,0.4415134,0.0303579,NaN,NaN,0.0,NaN,1,eclipse/include/props/sgof.inc,SGOF
0.4800000,NaN,0.46839250000000004,0.0266496,NaN,NaN,0.0,NaN,1,eclipse/include/props/sgof.inc,SGOF
0.4900000,NaN,0.49569579999999996,0.0232833,NaN,NaN,0.0,NaN,1,eclipse/include/props/sgof.inc,SGOF
0.5000000,NaN,0.5233344,0.020235200000000002,NaN,NaN,0.0,NaN,1,eclipse/include/props/sgof.inc,SGOF
0.5100000,NaN,0.551216,0.0174833,NaN,NaN,0.0,NaN,1,eclipse/include/props/sgof.inc,SGOF
0.5200000,NaN,0.5792463999999999,0.0150066,NaN,NaN,0.0,NaN,1,eclipse/include/props/sgof.inc,SGOF
0.5300000,NaN,0.6073305999999999,0.012785799999999998,NaN,NaN,0.0,NaN,1,eclipse/include/props/sgof.inc,SGOF
0.5400000,NaN,0.6353741999999999,0.010802500000000001,NaN,NaN,0.0,NaN,1,eclipse/include/props/sgof.inc,SGOF
0.5500000,NaN,0.663284,0.009039700000000001,NaN,NaN,0.0,NaN,1,eclipse/include/props/sgof.inc,SGOF
0.5600000,NaN,0.6909698000000001,0.007481300000000001,NaN,NaN,0.0,NaN,1,eclipse/include/props/sgof.inc,SGOF
0.5700000,NaN,0.7183449000000001,0.0061124,NaN,NaN,0.0,NaN,1,eclipse/include/props/sgof.inc,SGOF
0.5800000,NaN,0.7453274000000001,0.0049187,NaN,NaN,0.0,NaN,1,eclipse/include/props/sgof.inc,SGOF
0.5900000,NaN,0.771841,0.0038871,NaN,NaN,0.0,NaN,1,eclipse/include/props/sgof.inc,SGOF
0.6000000,NaN,0.7978155,0.0030049,NaN,NaN,0.0,NaN,1,eclipse/include/props/sgof.inc,SGOF
0.6100000,NaN,0.8231879000000001,0.0022605,NaN,NaN,0.0,NaN,1,eclipse/include/props/sgof.inc,SGOF
0.6200000,NaN,0.8479025,0.0016426,NaN,NaN,0.0,NaN,1,eclipse/include/props/sgof.inc,SGOF
0.6300000,NaN,0.8719118,0.0011405999999999999,NaN,NaN,0.0,NaN,1,eclipse/include/props/sgof.inc,SGOF
0.6400000,NaN,0.8951769,0.0007442,NaN,NaN,0.0,NaN,1,eclipse/include/props/sgof.inc,SGOF
0.6500000,NaN,0.9176684000000002,0.00044370000000000005,NaN,NaN,0.0,NaN,1,eclipse/include/props/sgof.inc,SGOF
0.6600000,NaN,0.9393681999999999,0.0002294,NaN,NaN,0.0,NaN,1,eclipse/include/props/sgof.inc,SGOF
0.6700000,NaN,0.9602736999999999,9.13e-05,NaN,NaN,0.0,NaN,1,eclipse/include/props/sgof.inc,SGOF
0.6800000,NaN,0.9804128000000001,1.92e-05,NaN,NaN,0.0,NaN,1,eclipse/include/props/sgof.inc,SGOF
0.6900000,NaN,1.0,0.0,NaN,NaN,0.0,NaN,1,eclipse/include/props/sgof.inc,SGOF
0.7000000,NaN,1.0,0.0,NaN,NaN,0.0,NaN,1,eclipse/include/props/sgof.inc,SGOF
0.0000000,NaN,0.0,1.0,NaN,NaN,0.0,NaN,2,eclipse/include/props/sgof.inc,SGOF
0.0100000,NaN,0.0,1.0,NaN,NaN,0.0,NaN,2,eclipse/include/props/sgof.inc,SGOF
0.0200000,NaN,3.02e-05,0.9770405000000001,NaN,NaN,0.0,NaN,2,eclipse/include/props/sgof.inc,SGOF
0.0300000,NaN,0.0001262,0.9538840000000001,NaN,NaN,0.0,NaN,2,eclipse/include/props/sgof.inc,SGOF
0.0400000,NaN,0.0003018,0.9299997,NaN,NaN,0.0,NaN,2,eclipse/include/props/sgof.inc,SGOF
0.0500000,NaN,0.0005694,0.9053368,NaN,NaN,0.0,NaN,2,eclipse/include/props/sgof.inc,SGOF
0.0600000,NaN,0.0009406000000000001,0.8799063,NaN,NaN,0.0,NaN,2,eclipse/include/props/sgof.inc,SGOF
0.0700000,NaN,0.0014265999999999999,0.8537463,NaN,NaN,0.0,NaN,2,eclipse/include/props/sgof.inc,SGOF
0.0800000,NaN,0.0020384,0.8269119,NaN,NaN,0.0,NaN,2,eclipse/include/props/sgof.inc,SGOF
0.0900000,NaN,0.002787,0.7994706,NaN,NaN,0.0,NaN,2,eclipse/include/props/sgof.inc,SGOF
0.1000000,NaN,0.0036835,0.7715003,NaN,NaN,0.0,NaN,2,eclipse/include/props/sgof.inc,SGOF
0.1100000,NaN,0.0047388000000000005,0.7430869999999999,NaN,NaN,0.0,NaN,2,eclipse/include/props/sgof.inc,SGOF
0.1200000,NaN,0.005964199999999999,0.7143238000000001,NaN,NaN,0.0,NaN,2,eclipse/include/props/sgof.inc,SGOF
0.1300000,NaN,0.0073711,0.6853090000000001,NaN,NaN,0.0,NaN,2,eclipse/include/props/sgof.inc,SGOF
0.1400000,NaN,0.0089711,0.656145,NaN,NaN,0.0,NaN,2,eclipse/include/props/sgof.inc,SGOF
0.1500000,NaN,0.0107759,0.6269363,NaN,NaN,0.0,NaN,2,eclipse/include/props/sgof.inc,SGOF
0.1600000,NaN,0.0127976,0.5977888000000001,NaN,NaN,0.0,NaN,2,eclipse/include/props/sgof.inc,SGOF
0.1700000,NaN,0.015048400000000002,0.5688073,NaN,NaN,0.0,NaN,2,eclipse/include/props/sgof.inc,SGOF
0.1800000,NaN,0.0175407,0.5400949,NaN,NaN,0.0,NaN,2,eclipse/include/props/sgof.inc,SGOF
0.1900000,NaN,0.0202871,0.5117512,NaN,NaN,0.0,NaN,2,eclipse/include/props/sgof.inc,SGOF
0.2000000,NaN,0.023300599999999998,0.483871,NaN,NaN,0.0,NaN,2,eclipse/include/props/sgof.inc,SGOF
0.2100000,NaN,0.026594200000000002,0.45654340000000004,NaN,NaN,0.0,NaN,2,eclipse/include/props/sgof.inc,SGOF
0.2200000,NaN,0.030181,0.42985039999999997,NaN,NaN,0.0,NaN,2,eclipse/include/props/sgof.inc,SGOF
0.2300000,NaN,0.034074400000000005,0.40386669999999997,NaN,NaN,0.0,NaN,2,eclipse/include/props/sgof.inc,SGOF
0.2400000,NaN,0.038288,0.3786583,NaN,NaN,0.0,NaN,2,eclipse/include/props/sgof.inc,SGOF
0.2500000,NaN,0.0428354,0.3542828,NaN,NaN,0.0,NaN,2,eclipse/include/props/sgof.inc,SGOF
0.2600000,NaN,0.0477301,0.3307887,NaN,NaN,0.0,NaN,2,eclipse/include/props/sgof.inc,SGOF
0.2700000,NaN,0.052986,0.30821550000000003,NaN,NaN,0.0,NaN,2,eclipse/include/props/sgof.inc,SGOF
0.2800000,NaN,0.058616499999999995,0.2865937,NaN,NaN,0.0,NaN,2,eclipse/include/props/sgof.inc,SGOF
0.2900000,NaN,0.0646353,0.2659454,NaN,NaN,0.0,NaN,2,eclipse/include/props/sgof.inc,SGOF
0.3000000,NaN,0.0710558,0.24628409999999998,NaN,NaN,0.0,NaN,2,eclipse/include/props/sgof.inc,SGOF
0.3100000,NaN,0.0778913,0.2276159,NaN,NaN,0.0,NaN,2,eclipse/include/props/sgof.inc,SGOF
0.3200000,NaN,0.0851547,0.20993960000000003,NaN,NaN,0.0,NaN,2,eclipse/include/props/sgof.inc,SGOF
0.3300000,NaN,0.0928586,0.1932472,NaN,NaN,0.0,NaN,2,eclipse/include/props/sgof.inc,SGOF
0.3400000,NaN,0.1010153,0.1775253,NaN,NaN,0.0,NaN,2,eclipse/include/props/sgof.inc,SGOF
0.3500000,NaN,0.10963640000000001,0.16275499999999998,NaN,NaN,0.0,NaN,2,eclipse/include/props/sgof.inc,SGOF
0.3600000,NaN,0.11873319999999998,0.14891310000000002,NaN,NaN,0.0,NaN,2,eclipse/include/props/sgof.inc,SGOF
0.3700000,NaN,0.12831589999999998,0.1359726,NaN,NaN,0.0,NaN,2,eclipse/include/props/sgof.inc,SGOF
0.3800000,NaN,0.1383943,0.12390330000000001,NaN,NaN,0.0,NaN,2,eclipse/include/props/sgof.inc,SGOF
0.3900000,NaN,0.1489771,0.11267260000000001,NaN,NaN,0.0,NaN,2,eclipse/include/props/sgof.inc,SGOF
0.4000000,NaN,0.160072,0.1022459,NaN,NaN,0.0,NaN,2,eclipse/include/props/sgof.inc,SGOF
0.4100000,NaN,0.17168570000000002,0.09258739999999999,NaN,NaN,0.0,NaN,2,eclipse/include/props/sgof.inc,SGOF
0.4200000,NaN,0.1838235,0.08366010000000002,NaN,NaN,0.0,NaN,2,eclipse/include/props/sgof.inc,SGOF
0.4300000,NaN,0.1964896,0.0754267,NaN,NaN,0.0,NaN,2,eclipse/include/props/sgof.inc,SGOF
0.4400000,NaN,0.2096864,0.0678498,NaN,NaN,0.0,NaN,2,eclipse/include/props/sgof.inc,SGOF
0.4500000,NaN,0.22341509999999998,0.06089209999999999,NaN,NaN,0.0,NaN,2,eclipse/include/props/sgof.inc,SGOF
0.4600000,NaN,0.23767510000000003,0.054516999999999996,NaN,NaN,0.0,NaN,2,eclipse/include/props/sgof.inc,SGOF
0.4700000,NaN,0.2524638,0.0486884,NaN,NaN,0.0,NaN,2,eclipse/include/props/sgof.inc,SGOF
0.4800000,NaN,0.267777,0.0433713,NaN,NaN,0.0,NaN,2,eclipse/include/props/sgof.inc,SGOF
0.4900000,NaN,0.28360830000000004,0.0385316,NaN,NaN,0.0,NaN,2,eclipse/include/props/sgof.inc,SGOF
0.5000000,NaN,0.2999493,0.0341367,NaN,NaN,0.0,NaN,2,eclipse/include/props/sgof.inc,SGOF
0.5100000,NaN,0.31678959999999995,0.030155,NaN,NaN,0.0,NaN,2,eclipse/include/props/sgof.inc,SGOF
0.5200000,NaN,0.33411640000000004,0.0265564,NaN,NaN,0.0,NaN,2,eclipse/include/props/sgof.inc,SGOF
0.5300000,NaN,0.35191459999999997,0.0233122,NaN,NaN,0.0,NaN,2,eclipse/include/props/sgof.inc,SGOF
0.5400000,NaN,0.3701669,0.0203951,NaN,NaN,0.0,NaN,2,eclipse/include/props/sgof.inc,SGOF
0.5500000,NaN,0.3888537,0.0177791,NaN,NaN,0.0,NaN,2,eclipse/include/props/sgof.inc,SGOF
0.5600000,NaN,0.407953,0.01544,NaN,NaN,0.0,NaN,2,eclipse/include/props/sgof.inc,SGOF
0.5700000,NaN,0.4274405,0.013354499999999998,NaN,NaN,0.0,NaN,2,eclipse/include/props/sgof.inc,SGOF
0.5800000,NaN,0.44728959999999995,0.0115012,NaN,NaN,0.0,NaN,2,eclipse/include/props/sgof.inc,SGOF
0.5900000,NaN,0.46747159999999993,0.0098596,NaN,NaN,0.0,NaN,2,eclipse/include/props/sgof.inc,SGOF
0.6000000,NaN,0.4879553,0.008410700000000002,NaN,NaN,0.0,NaN,2,eclipse/include/props/sgof.inc,SGOF
0.6100000,NaN,0.5087079000000001,0.0071369,NaN,NaN,0.0,NaN,2,eclipse/include/props/sgof.inc,SGOF
0.6200000,NaN,0.5296941999999999,0.0060214,NaN,NaN,0.0,NaN,2,eclipse/include/props/sgof.inc,SGOF
0.6300000,NaN,0.5508774999999999,0.0050490000000000005,NaN,NaN,0.0,NaN,2,eclipse/include/props/sgof.inc,SGOF
0.6400000,NaN,0.5722193,0.0042053,NaN,NaN,0.0,NaN,2,eclipse/include/props/sgof.inc,SGOF
0.6500000,NaN,0.5936794,0.0034770000000000005,NaN,NaN,0.0,NaN,2,eclipse/include/props/sgof.inc,SGOF
0.6600000,NaN,0.6152164999999999,0.0028519,NaN,NaN,0.0,NaN,2,eclipse/include/props/sgof.inc,SGOF
0.6700000,NaN,0.636788,0.0023187,NaN,NaN,0.0,NaN,2,eclipse/include/props/sgof.inc,SGOF
0.6800000,NaN,0.6583501,0.0018670000000000002,NaN,NaN,0.0,NaN,2,eclipse/include/props/sgof.inc,SGOF
0.6900000,NaN,0.6798583,0.0014872,NaN,NaN,0.0,NaN,2,eclipse/include/props/sgof.inc,SGOF
0.7000000,NaN,0.7012676,0.0011705,NaN,NaN,0.0,NaN,2,eclipse/include/props/sgof.inc,SGOF
0.7100000,NaN,0.722532,0.0009089,NaN,NaN,0.0,NaN,2,eclipse/include/props/sgof.inc,SGOF
0.7200000,NaN,0.7436056,0.0006951,NaN,NaN,0.0,NaN,2,eclipse/include/props/sgof.inc,SGOF
0.7300000,NaN,0.7644418000000001,0.0005224,NaN,NaN,0.0,NaN,2,eclipse/include/props/sgof.inc,SGOF
0.7400000,NaN,0.7849938,0.00038480000000000003,NaN,NaN,0.0,NaN,2,eclipse/include/props/sgof.inc,SGOF
0.7500000,NaN,0.8052148,0.000277,NaN,NaN,0.0,NaN,2,eclipse/include/props/sgof.inc,SGOF
0.7600000,NaN,0.8250573,0.000194,NaN,NaN,0.0,NaN,2,eclipse/include/props/sgof.inc,SGOF
0.7700000,NaN,0.8444733,0.00013159999999999997,NaN,NaN,0.0,NaN,2,eclipse/include/props/sgof.inc,SGOF
0.7800000,NaN,0.8634138000000001,8.58e-05,NaN,NaN,0.0,NaN,2,eclipse/include/props/sgof.inc,SGOF
0.7900000,NaN,0.8818280000000001,5.3200000000000006e-05,NaN,NaN,0.0,NaN,2,eclipse/include/props/sgof.inc,SGOF
0.8000000,NaN,0.8996622999999999,3.11e-05,NaN,NaN,0.0,NaN,2,eclipse/include/props/sgof.inc,SGOF
0.8100000,NaN,0.9168584000000001,1.67e-05,NaN,NaN,0.0,NaN,2,eclipse/include/props/sgof.inc,SGOF
0.8200000,NaN,0.93335,8.1e-06,NaN,NaN,0.0,NaN,2,eclipse/include/props/sgof.inc,SGOF
0.8300000,NaN,0.9490572,3.3e-06,NaN,NaN,0.0,NaN,2,eclipse/include/props/sgof.inc,SGOF
0.8400000,NaN,0.9638747,1.1e-06,NaN,NaN,0.0,NaN,2,eclipse/include/props/sgof.inc,SGOF
0.8500000,NaN,0.9776444,2e-07,NaN,NaN,0.0,NaN,2,eclipse/include/props/sgof.inc,SGOF
0.8600000,NaN,0.9900689,0.0,NaN,NaN,0.0,NaN,2,eclipse/include/props/sgof.inc,SGOF
0.8700000,NaN,1.0,0.0,NaN,NaN,0.0,NaN,2,eclipse/include/props/sgof.inc,SGOF
0.8800000,NaN,1.0,0.0,NaN,NaN,0.0,NaN,2,eclipse/include/props/sgof.inc,SGOF
